<?xml version="1.0" encoding="utf-8" ?>
<odoo noupdate="1">
    <record id="product_state_draft" model="product.state">
        <field name="code">draft</field>
        <field name="name">In Development</field>
        <field name="sequence">10</field>
    </record>
    <record id="product_state_sellable" model="product.state">
        <field name="code">sellable</field>
        <field name="name">Normal</field>
        <field name="sequence">20</field>
        <field name="default">True</field>
    </record>
    <record id="product_state_end" model="product.state">
        <field name="code">end</field>
        <field name="name">End of Lifecycle</field>
        <field name="sequence">30</field>
    </record>
    <record id="product_state_obsolete" model="product.state">
        <field name="code">obsolete</field>
        <field name="name">Obsolete</field>
        <field name="sequence">40</field>
    </record>
</odoo>
