<?xml version="1.0" encoding="utf-8" ?>
<!-- Copyright 2017 ACSONE SA/NV
     License AGPL-3.0 or later (http://www.gnu.org/licenses/agpl). -->
<odoo>
    <record id="product_template_tag_access_user" model="ir.model.access">
        <field name="name">
            product.template.tag access user (in product_template_tags)
        </field>
        <field name="model_id" ref="model_product_template_tag" />
        <field name="group_id" ref="base.group_user" />
        <field name="perm_read" eval="1" />
        <field name="perm_create" eval="1" />
        <field name="perm_write" eval="1" />
        <field name="perm_unlink" eval="1" />
    </record>
</odoo>
